,Name,Overview,Works,Effect,Use,Dose
0,Acarbose," Penggunaan Obat ini adalah salah satu dari banyak golongan obat untuk pengobatan diabetes melitus (DM) tipe 2. Namun acarbose hanya diberikan pada penderita diabetes mellitus yang sudah tidak bisa diterapi dengan obat antidiabetes yang diminum lainnya.    Baca juga: Gula Darah Stabil, Bolehkah Berhenti Minum Obat Diabetes? "," Cara Kerja Obat Obat acarbose bekerja dalam tubuh kita dengan cara menghambat perubahan sukrosa menjadi glukosa dan fruktosa. Dengan begitu, kadar gula dalam darah bisa lebih terkontrol. "," Efek Samping Obat acarbose sebaiknya diminum bersamaan dengan makanan, biasanya diminum bersamaan dengan suapan pertama saat makan. Meskipun aman namun obat ini sebaiknya digunakan secara hati-hati terutama jika Kamu sedang hamil dan menyusui, memiliki gangguan ginjal dan hati yang cukup parah, atau Kamu tengah demam, terluka, infeksi, atau sudah selesai operasi. Konsultasikan segera ke dokter, ya jika Kamu mengalami efek samping yang tidak biasa. "," Pemakaian Obat Obat ini berinteraksi dengan banyak obat-obatan. Di antaranya amilase, protease, lipase, obat golongan antagonis kalsium, aminoglutetimid, okreotid, antihipertensi, antidepresan, estrogen, progesterone, llofibrat, obat golongan diuretik, obat yang mengandung hormon-hormon tiroid, obat golongan steroid, maupun fenitoin.   Penggunaan bersamaan dengan obat-obat tersebut sebaiknya dihindari. Jika Kamu tidak tahu jenis obat yang sedang Kamu minum bersamaan dengan acarbose, maka jangan ragu konsultasikanlah terlebih dahulu dengan dokter atau apoteker. Kamu juga dilarang keras minum alkohol saat mengonsumsi acarbose. Baca juga: Obat-obatan yang dapat Meningkatkan Kadar Gula Darah "," Dosis Adapun dosis pemberian obat ini adalah: - Dewasa >18 tahun: dosis awal 50 mg sehari, yang kemudian meningkat menjadi 50 mg 3 kali sehari. Kemudian, jika diperlukan, dapat ditingkatkan menjadi 100 mg 3 kali sehari setelah 6 hingga 8 minggu. - Selain itu, obat ini dapat diberikan maksimal 200 mg 3 kali sehari. "
1,Acetazolamide," Penggunaan Kamu tahu penyakit mata glukoma kan? Nah obat ini digunakan bersama obat lain untuk mengobati berbagai jenis glukoma, yaitu glukoma sudut terbuka, glukoma sekunder, atau sebelum operasi glukoma dengan sudut tertutup.   Obat ini bekerja dengan mengurangi jumlah cairan yang dapat menumpuk di bola mata dan menyebabkan ketegangan di bola mata, sebagai penyebab glukoma. Tidak hanya di mata, penumpukan cairan di tubuh (bengkak/edema) akibat penyakit gagal jantung kongestif atau pengaruh obat-obatan tertentu juga bisa diterapi dengan acetazolamide.   Kinerja Acetazolamide dapat menurun seiring waktu, sehingga biasanya hanya digunakan dengan durasi singkat. Di luar kerjanya untuk mengurangi cairan tubuh dan mata, rupanya obat ini juga bisa digunakan dengan obat lain untuk mengobati epilepsi (penyakit ayan).   Baca juga: Fakta Gangguan Mata yang Perlu Kamu Ketahui! ", Cara Kerja Obat Cara kerja obat ini ialah dengan meningkatkan pengeluaran air dari tubuh melalui ginjal sehingga dapat menurunkan tekanan pada bola mata dan mengempiskan badan yang bengkak karena penumpukan cairan.  ," Efek Samping Efek samping yang sering terjadi saat mengonsumsi obat ini di antaranya mual, muntah, diare, gangguan alat pengecap, nafsu makan berkurang, kesemutan, wajah kemerahan, pusing, kelelahan, kesulitan menggerakkan tubuh, depresi, sering haus, sering berkemih, libido menurun.   Ada pula efek samping yang jarang terjadi seperti mengantuk, kebingungan, gangguan pendengaran, demam, peningkatan pengeluaran gula darah melalui urine, kadar asam dalam tubuh menjadi tinggi dan gangguan elektrolit pada penggunaan jangka panjang, kencing berdarah.  "," Pemakaian Obat Cara mengonsumsi acetazolamide sebaiknya bersamaan dengan makanan. Kamu harus hati-hati menggunakan acetazolamide jika menderita diabetes mellitus, sudah berusia lanjut, atau tangah hamil dan menyusui. Jika terpaksa menggunakannya, konsultasikan dengan dokter.   Acetazolamide dapat menyebabkan beberapa efek samping seperti mengantuk dan kesemutan sehingga disarankan untuk tidak menyetir atau mengoperasikan mesin saat meminum obat ini.  Baca juga: Obat-obatan yang Menyebabkan Kantuk dan Cara Mengatasinya "," Dosis Untuk terapi glukoma, pemberian obat bisa dengan diminum atau melalui suntikan. Adapun dosisnya adalah 0.25-1 g sehari dalam dosis terbagi. Untuk terapi epilepsi, pemberiannya juga bisa diminum atau melalui suntikan, dengan dosis 0.25-1 g sehari dalam dosis terbagi; untuk anak-anak 8-30 mg/kg sehari, maksimal pemberian obat 750 mg sehari. "
2,Acetylcysteine," Penggunaan Saat seseorang kebanyakan minum parasetamol hingga overdosis, obat ini adalah penawarnya. Selain itu digunakan untuk mencegah kerusakan ginjal, sebagai mukolitik atau mengencerkan dahak.   Obat ini juga diberikan pada pasien gangguan bronkopulmonalis akut dan kronis seperti pneumonia, bronkitis, emfisema, tracheobronchitis, bronkitis kronis asma, TBC, bronkiektasis, amiloidosis paru-paru primer, atelektasis (pengerutan jaringan paru) yang disebabkan oleh penyumbatan lendir.   Penderita kista fibrosis paru, umumnya akan memproduksi dahak normal, kental, atau dahak yang mengental sehingga saluran napas menjadi lengket. Dahak perlu dicairkan dengan mukolitik, salah satunya dengan acetylcysteine.   Baca juga: Memilih Obat Batuk, Kenali Dulu Jenis Batuknya! "," Cara Kerja Obat Selain sebagai mukolitik atau pengencer dahak, acetylcysteine memiliki efek melindungi sel hati dari keracunan akibat parasetamol.  "," Efek Samping Obat ini dapat menimbulkan efek samping seperti bronkospasma atau penyempitan saluran udara pada paru-paru, angiedema atau pembengkakkan pada jaringan bawah kulit, wajah kemerahan, gatal-gatal, hipotensi, kulit kemerahan, mual, muntah, demam, pingsan, berkeringat, athralgia (nyeri pada sendi), pandangan kabur, pH darah menjadi asam, gangguan fungsi hati, kebingungan, henti jantung, iritasi mata.  Maka segera konsultasikan dengan dokter jika Kamu mengalami salah satu atau beberapa efek samping tersebut. "," Pemakaian Obat Acetylcystein umumnya berbentuk suspensi, yang harus dilarutkan dahulu dengan air sebelum diminum bersamaan dengan makanan. Pasien dengan riwayat penyempitan bronkus paru dan pada pasien yang memiliki sakit lambung sebaiknya hati-hati menggunakan obat ini.   Hati-hati juga penggunaan pada ibu hamil dan menyusui. Obat ini dapat menyebabkan pandangan mata kabur sehingga pasien yang mengkonsumsi obat ini dilarang berkendara atau mengoperasikan mesin. Jangan digunakan pada pasien yang menggunakan lensa kontak.  "," Dosis Inilah dosis acetylsystein:   Sebagai mukolitik atau pengencer dahak pengobatan endotrakeal atau saluran pernapasan  Dewasa 1-2 ml larutan 10% atau 20% setiap jam. Dosis anak: sama dengan dosis dewasa.    Sebagai sebagai mukolitik/pengencer dahak untuk inhalasi/respirasi:  Dewasa 6-10 ml larutan 10% 3-4 x 1, dapat meningkat menjadi 2-20 ml 2-6 jam sesuai kebutuhan. 3-5 ml larutan 20% 3-4 x 1, dapat meningkat menjadi 1-10 ml 2-6 jam sesuai kebutuhan. Dosis anak: sama dengan dosis dewasa.    Untuk keracunan parasetamol (diberikan intravena)  Dewasa: dosis awal 150 mg/kg (maks. 16,5g) dalam larutan 200 ml selama 60 menit, kemudian 50mg/kg (maksimal 5.5g) dalam larutan 500 ml selama 4 jam, lalu lanjutkan 100mg/kg (maks. 11g) dalam larutan 1L untuk 16 jam ke depan. Anak-anak 40 kg: sama dengan dosis dewasa.    Untuk mengobati sakit mata yang terkait dengan ketidaknormalan cairan mata: Dewasa: dalam larutan 50% teteskan 1-2 tetes pada mata yang terinfeksi 3-4 kali sehari.   Dosis per oral sebagai mukolitik:  Dewasa dalam bentuk tablet effervescent atau granul 600 mg sehari dosis tunggal atau dalam 3 dosis terbagi. Anak 7 tahun: sama dengan dosis dewasa.  Dosis oral dalam keracunan parasetamol:  Dewasa dalam larutan 5% dosis awal 140mg/kg kemudian 70mg/kg setiap 4 jam untuk tambahan 17 dosis. Anak: sama seperti dosis dewasa.  "
3,Acrivastine," Penggunaan Acrivastine adalah obat yang digunakan untuk mengatasi rhinitis akibat perubahan musim. Selain itu, obat ini juga digunakan untuk mengobati idiopati urtikaria kronis (gatal-gatal atau biduran yang belum jelas penyebabnya) . (https://www.mims.com/indonesia/drug/info/acrivastine/?q=acrivastine&mtype=generic) ", Cara Kerja Obat Acrivastine termasuk obat antihistamin dan antialergi. Obat ini bekerja dengan cara mengatasi reaksi alergi yang muncul dalam tubuh. (https://www.mims.com/indonesia/drug/info/acrivastine/?q=acrivastine&mtype=generic) ," Efek Samping Selain memiliki efek yang diinginkan, setiap obat pasti memiliki efek samping yang tidak diinginkan. Untuk acrivastine, efek samping yang umum terjadi adalah mengantuk, gelisah, insomnia, dan mulut kering. Konsultasikan dengan dokter kalau efek samping yang Kamu rasakan mengganggu aktivitas. (https://www.tabletwise.com/medicine/acrivastine/side-effects) "," Pemakaian Obat Gunakan acrivastine sesuai dengan instruksi dokter. Jangan menggunakan terlalu banyak atau berhenti menggunakannya, jika tidak memperoleh izin dokter. Pasalnya, penggunaan berlebihan dari obat ini dapat meningkatkan risiko efek samping dan masalah lainnya. Sebaiknya, konsumsi obat ini dengan makanan untuk mencegah nyeri perut. Kalau kondisi Kamu tidak kunjung sembuh atau malah bertambah parah dengan setelah mengonsumsi acrivastine selama 1 minggu, periksakan ke dokter.Jangan berikan acrivastine kepada anak di bawah usia 6 tahun. Obat ini juga tidak direkomendasikan untuk anak di bawah usia 12 tahun. Untuk wanita hamil dan menyusui harus berkonsultasi terlebih dahulu dengan dokter sebelum mengonsumsi obat ini. Untuk penyimpanannya, acrivastina harus disimpan di dalam suhu kamar.(https://www.webmd.com/drugs/2/drug-1886/acrivastine-pseudoephedrine-oral/details) "," Dosis Dosis acrivastine pada setiap pasien bisa berbeda-beda. Ikuti instruksi dokter dan label obat. Informasi berikut menjelaskan tentang dosis rata-rata dari obat ini. Kalau dosis yang sudah diberikan dokter kepada Kamu berbeda, jangan mengubahnya kecuali jika dokter yang memerintahkan.Dosis acrivastine yang diberikan tergantung dari kekuatan obat ini. Selain itu, jumlah dosis yang Kamu konsumsi setiap hari, jarak waktu antara konsumsi obat, dan seberapa lama obat harus dikonsumsi, tergantung dari masalah medis yang Kamu alami.Dosis dalam bentuk oral untuk orang dewasa adalah 8 miligram hingga 3 kali sehari.(https://www.mims.com/indonesia/drug/info/acrivastine/?q=acrivastine&mtype=generic) "
4,Acyclover Topical," Penggunaan Acyclovir topikal ini sama dengan acyclovir pada umumnya, hanya saja pentuknya salep. Digunakan untuk pengobatan infeksi herpes simpleks (herpes pada alat kelamin), mencegah herpes simpleks berulang, pencegahan herpes simplex pada pasien yang bermasalah dengan sistem imun, pengobatan Varicella Zoster (cacar air), pengobatan Herpes Zoster (cacar ular/cacar api), pengobatan herpes labialis (herpes pada bibir dan mulut) berulang, pengobatan pertama kali genital herpes, pengobatan herpes simplex encephalitis (peradangan otak akibat virus herpes) (https://www.mims.com/indonesia/drug/info/aciclovir) ", Cara Kerja Obat Aciclovir bekerja dengan cara menghambat sintesis DNA virus dan mencegah virus berkembang biak atau memperbanyak diri. (https://www.mims.com/indonesia/drug/info/aciclovir/) ," Efek Samping ketika salep dioleskan pada kulit yang terkena herpes, bisa timbul rasa menyengat pada kulit, rasa terbakar, gatal, kulit kemerahan (https://www.mims.com/indonesia/drug/info/aciclovir/) "," Pemakaian Obat Pemakaian salep acyclovir ada tatacaranya. Sebelum mengoleskan salep, cucilah tangan dengan sabun dan air bersih, kemudian bersihkan dan keringkan daerah yang akan diolesi. Jika memungkinkan, gunakan sarung tangan karet sekali pakai untuk mengoleskan obat pada luka untuk mencegah penyebaran infeksi. Oleskan obat secara perlahan-lahan sampai menutupi daerah yang terinfeksi. Setelah mengoleskan salep, cuci tangan kembali dengan sabun dan air. Agar efek obat ini tidak hilang, jangan mandi atau berenang setelah menggunakannya. Hati - hati penggunaan pada ibu hamil dan menyusui. Obat ini hanya untuk bagian luar tubuh dan jangan ditelan.(Sumber: Acyclovir Salep : Kegunaan, Dosis, Efek Samping - Mediskus) "," Dosis Untuk pengobatan infeksi herpes simplex pada kulit orang dewasa, gunakan salep dengan dosis acyclovir 5%, oleskan 5 atau 6 kali sehari selama 5-10 hari (https://www.mims.com/indonesia/drug/info/aciclovir/) "
5,Acyclovir," Penggunaan Ini adalah obat antivirus untuk mengobati berbagai jenis infeksi herpes. Biasanya herpes simpleks pada pada alat kelamin, atau digunakan untuk mencegah kekambuhan.   Acyclovir juga digunakan untuk pencegahan herpes simplex pada pasien yang bermasalah dengan sistem imunnya. Jika Kamu cacar air (Varicella Zoster) atau cacar ular/cacar api (Herpes Zoster), Kamu akan diberikan obat ini.   Selain itu untuk mengobati herpesherpes labialis (herpes pada bibir dan mulut) yang berulang, pengobatan pertama kali genital herpes, dan pengobatan herpes simplex encephalitis (peradangan otak akibat virus herpes).   Baca juga: Selain Cacar Monyet, Penyakit-penyakit Ini Bisa Ditularkan dari Hewan ke Manusia! ", Cara Kerja Obat Acyclovir bekerja dengan cara menghambat sintesis DNA virus sehingga virus tidak bisa berkembang biak atau memperbanyak diri.  ," Efek Samping Acyclovir dapat menyebabkan efek samping berupa peningkatan serum bilirubin dan enzim liver, yaitu pigmen berwarna kuning. Selain itu dapat menyebabkan perubahan pada darah, kulit kemerahan, demam, sakit kepala, pusing, gangguan pencernaan, hepatitis, penyakit kuning, angioedema (pembengkakan pada jaringan bawah kulit), gangguan saraf reversibel, rambut rontok, rasa menyengat, terbakar, gatal.   Bahkan kadang ditemukan efek samping fatal seperti gangguan ginjal, trombositopenia purpura (penurunan trombosit darah akibat gangguan autoimun) pada pasien dengan pasien gangguan imunitas, reaksi anafilaksis (alergi berat)   Baca juga: Mengenal Penyakit Autoimun dan Pengobatan Immunoglobulin Intravena "," Pemakaian Obat Obat ini dapat diminum sebelum atau sesudah makan, tetapi sebaiknya diminum bersamaan dengan makanan untuk mengurangi ketidaknyamanan pada saluran pencernaan. Hati-hati penggunaan obat Acyclovir pada pasien dengan gangguan saraf, atau saat pasien kekurangan oksigen atau mengalami gangguan elektrolit, pasien gangguan ginjal, serta wanita hamil dan menyusui. "," Dosis Inilah dosis untuk infeksi herpes simplex:  Herpes simplex yang sering kambuh (dewasa) : 800 mg sehari 2-4 kali yang perlahan dapat diturunkan dosisnya menjadi 400-600 mg sehari. Untuk pengobatan infeksi herpes simplex primer (dewasa): 200 mg 5 x 1 Pasien dewasa dengan gangguan imunitas berat : 400 mg 5 x 1 selama 5 hari. Anak-anak usia kurang dari 2 tahun : setengah dosis dewasa Anak usia lebih dari 2 tahun:  Sama dengan dosis dewasa.    Adapun dosis untuk orang dengan gangguan imunitas adalah:  Orang dewasa: 200-400 mg 4 x 1 Anak usia kurang dari 2 tahun: setengah dosis dewasa Anak usia di atas 2 tahun  sama dengan dosis dewasa.    Pengobatan Herpes Zoster  Dewasa: 800 mg 5 x 1 selama 7-10 hari.    Pengobatan Varicella Zoster  Dewasa: 800 mg 4-5 x 1 selama 5-7 hari Anak usia di atas 2 tahun: 20 mg/kg (maksimal 800 mg), 4 x 1 selama 5 hari.   "
6,Albendazole," Penggunaan Albendazole adalah obat yang khusus digunakan untuk mengobati penyakit ekinokokus. Apa itu ekinokokus? Ialah sebuah penyakit yang disebabkan oleh cacing pita parasit, yang larvanya berasal dari anjing. Selain itu, obat ini juga digunakan untuk mengobati penyakit sistiserkosis, yaitu infeksi yang disebabkan oleh cacing pita. Larva dari cacing pita tersebut umumnya berasal dari daging babi, dan dapat memengaruhi otak, otot, serta jaringan lain.(https://www.mims.com/indonesia/drug/info/albendazole/) "," Cara Kerja Obat Albendazole efektif membunuh cacing serta menghancurkan telur dan larvanya. Kemampuan membunuh cacing dari obat ini biasanya disebut efek antelmintik. Cara kerja efek antelmintik tersebut adalah dengan menghambat pengambilan glukosa oleh cacing, sehingga parasit tersebut kekurangan energi dan lama kelamaan akan mati.  ttps://bukusakudokter.org/2012/10/07/albendazole/) "," Efek Samping Waspadai jika Kamu mengalami sejumlah gejala efek samping dari obat ini, seperti sakit kepala, peningkatan tekanan di kepala, pusing, demam, vertigo, kebotakan, nyeri perut, mual, dan muntah. Segera hubungi dokter kalau Kamu mengalami gejala efek samping serius, seperti: reaksi hipersensitivitas (seperti kemerahan dan urtikaria), peningkatan enzim hati, hepatitis, gagal hepar akut, sindrom Steven-Johnson, dan gagal ginjal akut. (https://www.mims.com/indonesia/drug/info/albendazole/) "," Pemakaian Obat Albendazole harus dikonsumsi bersamaan dengan makanan. Ada beberapa kondisi kesehatan tertentu yang dapat memengaruhi cara kerja obat ini, contohnya seperti pasien yang memiliki cedera pada retina matanya. Untuk wanit hamil dan menyusui, disarankan berkonsultasi terlebih dahulu dengan dokter sebelum mengonsumsi obat ini. Sementara itu, untuk pasien sistiserkosis yang mengonsumsi obat ini, umumnya juga diharuskan menggunakan obat golongan steroid dan antikonvulsan (anti kejang) yang memadai. (https://www.mims.com/indonesia/drug/info/albendazole/) "," Dosis Dosis albendazole untuk pengobatan ekinokokus pada orang dewasa dengan berat badan kurang dari 60 kg adalah 15 mg/kg diminum 2 kali sehari (dosis maksimal 800 mg per hari). Jika orang dewasa memiliki berat badan lebih dari 60 kg, dososnya 400 mg. Untuk orang dewasa, pemberian albendazole disarankan selama 28 hari per satu siklus. Disarankan untuk dikonsumsi sebanyak 3 kali siklus, dengan jeda 14 hari sebelum memulai siklus konsumsi baru.Dosis albendazole untuk mengobati sistiserkosis pada orang dewasa dengan berat badan kurang dari 60 kg adalah 15 mg/kg, dan dibagi menjadi 2 dosis selama 6 - 30 hari (dosis maksimal 800 mg per hari). Untuk orang dewasa dengan berat badan lebih dari 60 kg, dosis yang dianjurkan adalah 400 mg selama 8 - 30 hari.Pemberian dosis albendazole untuk anakk-anak sama dengan dosis orang dewasa.(https://www.mims.com/indonesia/drug/info/albendazole/)(https://www.mims.com/indonesia/drug/info/albendazole/) "
7,Albumin," Penggunaan Albumin digunakan sebagai pengobatan untuk Kamu yang mengalami kondisi hipovolemia (kekurangan cairan tubuh), hipoalbuminemia (kekurangan albumin, dan setelah tindakan pengeluaran cairan perut pada pasien ascites (penumpukan cairan di rongga perut sehingga perut membesar). Selain itu, albumin juga digunakan bersamaan dengan obat diuretik untuk menangani kelebihan volume cairan yang ada kaitan dengan Sindrom Distres Pernapasan Dewasa (ARDS). Obat ini dapat digunakan untuk mengobati edema (bengkak) pada pasien nefrosis (kerusakan nefron ginjal) akut yang sulit disembuhkan dengan terapi obat cyclophosphamide dan kortikosteroid. Albumin diindikasikan dalam pengobatan hiperbilirubinemia (kada bilirubin tinggi) pada bayi baru lahir. (https://www.farmasiana.com/human-albumin/human-albumin-20/) "," Cara Kerja Obat Albumin serum biasanya ditemukan secara alami dalam darah manusia. Albumin sendiri merupakan zat protein yang paling banyak di plasma darah manusia (sekitar 50% dari keseluruhan protein serum) dan berfungsi mengangkut hormon, asam lemak, dan senyawa lainnya, sebagai buffer pH, dan mempertahankan tekanan cairan tubuh. (https://www.farmasiana.com/human-albumin/human-albumin-20/) "," Efek Samping Efek samping yang dapat terjadi setelah menggunakan albumin bisa berupa reaksi anafilaksis (alergi obat parah), mual, muntah, meningkatnya jumlah air liur, demam, takikardi (laju detak jantung di atas normal), hipotensi, dan juga menggigil. (BNF 68th) "," Pemakaian Obat Untuk Kamu yang memiliki riwayat gangguan sirkulasi jantung harus berhati-hati saat menggunakan obat ini. Pemberian albumin harus pelan-pelan untuk mencegah naiknya tekanan darah dengan cepat dan gagal jantung, dan setelah pemberian lakukan pemantauan fungsi paru-paru dan kardiovaskular. Obat ini dapat mengakibatkan meningkatnya permeabilitas kapiler darah. Oleh karena itu, dokter perlu memantau apakah pasien mengalami dehidrasi setelah menggunakan cairan albumin dengan konsentrasi yang pekat. (BNF 68th) "," Dosis Dosis yang digunakan setiap orang tergantung tingkat keparahan. Oleh karena itu, berkonsultasilah dengan dokter untuk penggunaan obat albumin ini. (ISO vol. 50) "
8,Allopurinol," Penggunaan Allopurinol merupakan obat yang digunakan untuk terapi asam urat. Asam urat dalam istilah medis disebut gout, yang ditandai dengan merah dan pembengkakan di sendi. Asam urat terjadi karena kelebihan asam urat di darah atau disebut hiperurisemia. Beberapa jenis kanker dapat menyebabkan hiperurisemia, dan dapat diobati dengan obat ini. Selain itu digunakan untuk mengobati penyumbatan akibat batu ginjal yang disebabkan kalsium oksalat yang kerap kambuh. (BNF 68th) ", Cara Kerja Obat Allopurinol dapat menurunkan produksi asam urat dengan cara menurunkan konsentrasi asam urat dalam darah dan urin. Obat ini juga mencegah atau menurunkan endapan asam urat sehingga mencegah terjadinya gout arthritis (peradangan dan pembengkakan sendi) dan urate nephropathy (peradangan pada ginjal akibat penumpukan asam urat). (https://bukusakudokter.org/2012/10/07/allopurinol/) ," Efek Samping Efek samping yang sering terjadi saat mengkonsumsi allopurinol dapat berupa minculnya benjolan kecil kemerahan pada kulit disebut malculopapular, gatal-gatal dan kemerahan, demam dan menggigil, pembengkakkan pada kalenjar limfa (limadenopati), penurunan jumlah sel darah putih (leukopenia), peningkatan eosinofil darah (eosinofillia), arthralgia (nyeri sendi atau terasa kaku), dan vaskulitis (radang pembuluh darah). Sedangkan, efek samping yang jarang terjadi adalah paraesthesia (kesemutan), peripheral neuropathy (kerusakan sistem saraf tepi), kebotakan, gynaecomastia (pembesaran payudara pada pria), gangguan alat pengecap, mual, muntah, nyeri perut, diare, sakit kepala, kelelahan otot, ngantuk, vertigo and gangguan penglihatan. Efek samping yang sangat jarang terjadi adalah kejang. Efek samping paling fatal yang dapat terjadi adalah reaksi hipersensitif contohnya kulit merah terkelupas, Steven-Johnson syndrome, hepatotoksik, supresi sumsum tulang belakang dan granulositopenia (rendahnya granulosit darah)(https://www.mims.com/indonesia/drug/info/allopurinol/) "," Pemakaian Obat Obat ini tidak disarankan untuk pengobatan serangan asam urat akut atau mendadak, atau jika Kamu yang memiliki gangguan ginjal dan hati. Diskusikanlah dengan dokter apabila Kamu hamil dan lagi menyusui saat ingin minum obat allopurinol ini. Allopurinol dapat menyebabkan ngantuk, vertigo atau ataxia (gangguan koordinasi otot tubuh), jika hal tersebut terjadi saat meminum allopurinol maka jangan mengendarai kendaraan atau mengoperasikan mesin. (https://www.mims.com/indonesia/drug/info/allopurinol/) "," Dosis Dosis allopurinol untuk pengobatan kanker yang memicu hiperurisemia pada orang dewasa adalah 200 hingga 400 mg/m2 sehari dalam satu kali pemberian infus atau dibagi menjadi beberapa kali pemberian infus dengan jeda 6, 8, dan 12 jam, mulai dari hari pertama dan kedua sebelum pengobatan kanker. Obat ini diberikan maksimal 600 mg/hari. Sedangkan untuk pengobatan asam urat dan hiperurisemia, diberikan dosis awal 100 mg sehari, kemudian disesuaikan dengan konsentrasi serum asam urat. Dosis untuk maintenance-nya atau asam urat yang tidak terlalu berat adalah 100-300 mg sehari, jika sakitnya agak berat ditingkatkan menjadi 600 mg sehari, sampai maksimal 900mg/hari. Pada pasien anak <15 tahun dosisnya adalah 10-20mg/kg sehari sampai maksimal 400 mg/hari. Untuk terapi batu kalsium oksalat kambuhan pada orang dewasa, dosisnya 200-300 mg sehari terbagi dalam beberapa dosis dan bisa juga dosis tunggal. (https://www.mims.com/indonesia/drug/info/allopurinol/) "
9,Allylestrenol," Penggunaan Allylestrenol digunakan untuk Kamu yang berisiko tinggi mengalami keguguran saat hamil, keguguran berulang, risiko persalinan prematur serta mempersiapkan rahim sebelum terjadi pembuahan dan merangsang jaringan alveolar payudara untuk persiapan menyusui (ISO vol. 50) ", Cara Kerja Obat Struktur senyawa allylestrenol bentuknya mirip dengan progesteron alami. Progesteron memiliki fungsi untuk mempersiapkan uterus menerima sel telur yang sudah dibuahi dan mengurangii pergerakan otot rahim (https://www.mims.com/indonesia/drug/info/allylestrenol/) ," Efek Samping Efek samping yang umumnya terjadi saat menggunakan obat ini adalah gangguan pencernaan, perubahan berat badan atau perubahan nafsu makan, retensi cairan sehingga menyebabkan bengkak, timbul jerawat, kulit kemerahan, urtikaria atau biduran, depresi, sakit kepala, demam, kelelahan, perubahan payudara, hirsutisme (tumbuh banyak rambut di tubuh), perubahan libido, siklus menstruasi tidak teratur, atau bisa juga berhenti menstruasi (namun kejadian ini jarang terjadi). (https://www.mims.com/indonesia/drug/info/allylestrenol/) "," Pemakaian Obat Segera hentikan pemakaian obat ini jika terjadi kehilangan penglihatan sebagian atau kehilangan penglihatan total, muncul tonjolan pada bola mata atau penglihatan berbayang, migrain, epilepsi, asma, gangguan jantung dan ginjal. Kamu yang memiliki riwayat depresi atau riwayat diabetes sebaiknya tidak menggunakan obat ini. Ketergantungan tiba-tiba pada obat Allylestrenol ini harus dihindari karena dapat menyebabkan pendarahan vagina. Selain itu, jangan digunakan untuk ibu menyusui. (https://www.mims.com/indonesia/drug/info/allylestrenol/) ", Dosis Dosis Allylestrenol untuk dewasa adalah 5 mg diberikan 3 kali sehari selama 5 hingga 7 hari. (https://www.mims.com/indonesia/drug/info/allylestrenol/) 
10,Alpha-Lipoic Acid," Penggunaan Alpha-Lipoic Acid (ALA) adalah obat yang efektif digunakan untuk perawatan kulit dari dalam. Manfaatnya mulai dari mencegah penuaan kulit, memperbaiki elastisitas kulit, mengurangi kerutan, dan kulit kasar akibat penuaan kulit. Tetapi selain untuk perawatan kulit, obat ini juga digunakan untuk menurunkan komplikasi pada orang yang pernah mengalami operasi bypass jantung, menstabilkan kadar gula darah pada penderita diabetes melitus tipe 2, mengurangi gejala rasa terbakar, nyeri, dan mati rasa pada pergelangan kaki dan lengan pada penderita diabetes, serta digunakan untuk membantu menurunkan berat badan (https://www.webmd.com/vitamins-supplements/ingredientmono-767-Alpha+Lipoic+Acid+ALPHA-LIPOIC+ACID.aspx) "," Cara Kerja Obat Alpha-Lipoic Acid (ALA) berfungsi sebagai antioksidan. Di dalam tubuh, Alpha-Lipoic Acid mencegah kerusakan sel dan mengembalikan kadar vitamin tubuh seperti vitamin E dan vitamin C. Alpha-Lipoic Acid juga terbukti dapat memperbaiki fungsi konduksi saraf pada pasien diabetes. Alpha-Lipoic Acid juga dapat memecah karbohidrat sehingga menyediakan energi untuk organ tubuh, dan sebagai antioksidan, Alpha-Lipoic Acid bisa juga melindungi otak dari kerusakan. Efek antioksidannya juga dapat dipakai untuk Kamu yang memiliki penyakit hati tertentu (https://www.webmd.com/vitamins-supplements/ingredientmono-767-Alpha+Lipoic+Acid+ALPHA-LIPOIC+ACID.aspx) "," Efek Samping Alpha-Lipoic Acid pada umumnya aman diminum selama 4 tahun secara terus menerus. Jika diberikan dalam bentuk infus, bisa diberikan selama 3 minggu terus menerus, atau penggunaan selama 12 minggu dengan pemakaian dalam bentuk krim. Namun, terdapat beberapa efek samping yang mungkin terjadi seperti kulit kemerahan dan kekurangan thiamin (vitamin B1). (https://www.webmd.com/vitamins-supplements/ingredientmono-767-Alpha+Lipoic+Acid+ALPHA-LIPOIC+ACID.aspx) ", Pemakaian Obat  ," Dosis Dosis yang digunakan untuk pendeirta diabetes tipe 2 yang mengalami gangguan saraf dengan gejala seperti terbakar, nyeri, dan mati rasa pada kaki dan lengan, dosis yang diberikan adalah 300 hingga 1800 mg sehari. Sedangkan dosis untuk terapi penuaan kulit yang disarankan adalah 100 mg Alpha-Lipoic Acid dengan beberapa multivitamin dan dikonsumsi 2 kali sehari selama 6 bulan. Dosis untuk Kamu yang akan menjalani operasi bypass jantung adalah 100 mg Alpha-Lipoin Acid 3 kali sehari. Dosis untuk terapi penurunan berat badan adalah 1800 mg Alpha-Lipoic Acid sehari selama 20 minggu. Ala dalam bentuk salep untuk masalah penuaan kulit, oleskan krim yang mengandung 5% Alpha-Lipoic Acid ke wajah 2 kali sehari. Jika dalam bentuk infus untuk pengobatan diabetes dengan gejala penyerta seperti rasa terbakar, nyeri, dan mati rasa pada kaki dan lengan, dosis optimalnya adalah 500 hingga 1200 mg sehari (https://www.webmd.com/vitamins-supplements/ingredientmono-767-Alpha+Lipoic+Acid+ALPHA-LIPOIC+ACID.aspx) "
11,Alprazolam," Penggunaan Alprazolam digunakan untuk terapi gangguan kecemasan jangka pendek, dan sebagai terapi untuk Kamu yang mengalami gangguan serangan panik. (https://www.mims.com/indonesia/drug/info/alprazolam/) ", Cara Kerja Obat Alprazolam termasuk ke dalam golongan senyawa benzodiazepine dan bekerja di sistem saraf pusat otak dengan cara mengurangi rangsangan abnormal pada otak sehingga memiliki efek penenang. (https://www.mims.com/indonesia/drug/info/alprazolam) ," Efek Samping Efek samping yang dapat terjadi saat mengkonsumsi alprazolam adalah efek pada sistem saraf pusat seperti hilangnya kemampuan koordinasi otot tubuh, depresi, sakit kepala, ngantuk, kelelahan, iritabilitas, gangguan mengingat, dan mengantuk. Selain itu dapat mennyebabkan penurunan libido, berat badan naik atau turun, perubahan nafsu makan, konstipasi, diare, dispepsia (nyeri lambung), dismenorea (nyeri saat haid), gangguan seksual, urin keluar tiba-tiba, hidung tersumbat, alergi rhinitis, hiperventilasi (nafas terlalu cepat), nyeri dada, gangguan saluran pernapasan bagian atas, hipotensi, palpitasi (jantung berdebar), pingsan, dermatitis, kulit kemerahan, meningkatkan enzim hati dan serum bilirubin, penyakit kuning, nyeri punggung, kram otot, myalgia (nyeri otot), tremor (gemetar), dan gangguan penglihatan.(https://www.mims.com/indonesia/drug/info/alprazolam/) "," Pemakaian Obat Selama menggunakan obat ini dilarang mengendarai kendaraan bermotor atau mengoperasikan mesin. Konsultasikan ke dokter untuk penggunaan pada wanita hamil atau menyusui, memiliki riwayat penyalahgunaan obat atau alkohol, orang yang mengalami gejala depresi atau kecenderungan untuk bunuh diri, dan pada pasien yang sudah tua. Hati-hati pada penggunaan jangka panjang karena dapat menyebabkan ketergantungan. (https://www.mims.com/indonesia/drug/info/alprazolam/) "," Dosis Dosis untuk mengatasi gangguan kecemasan ialah 0.25 hingga 0.5 mg dimunim 3 kali sehari, tingkatkan dosis setiap 3-4 hari sampai mencapai total dosis 3-4 mg/hari. Dosis pada pengobatan serangan kepanikan meliputi 0.5 mg 3 kali sehari dan tingkatkan sesuai kebutuhan tapi tidak lebih dari 1 mg setiap 3 hingga 4 hari. (https://www.mims.com/indonesia/drug/info/alprazolam/) "
12,Aluminium Hidroksida," Penggunaan Aluminium hidroksida ini adalah obat sakit lambung atau maag. Dia adalah golongan antasida untuk menetralkan asam lambung yang berlebih, mengobati luka atau tukak lambung, dan gastritis (iritasi lambung). Selain untuk sakit maag, aluminium hidroksida juga dapat untuk mengobati hiperfosfatemia yaitu kelebihan kadar fosfat dalam darah. Kondisi ini biasa dilamai pasien dengan gagal ginjal kronis. Selain itu dapat digunakan sebagai pelindung kulit (https://www.mims.com/indonesia/drug/info/aluminium%20hydroxide/) "," Cara Kerja Obat Aluminium hidroksida bekerja dengan cara menetralisir asam lambung, meningkatkan pH lambung, dan menghambat keluarnya enzim pepsin. Aluminium hidroksida juga dapat menurunkan penyerapan fosfat di saluran pencernaan dengan membentuk senyawa kompleks yang tidak larut air. (https://www.mims.com/indonesia/drug/info/aluminium%20hydroxide/) "," Efek Samping Efek samping yang mungkin terjadi saat mengkonsumsi obat ini adalah konstipasi atau sembelit, obstruksi (penyempitan) usus, perubahan bentuk dan warna feses, mual, muntah, keram perut, hipomagnesia (kekurangan magnesium dalam darah), dan hipofosfatemia (kadar fosdat rendah dalam darah).(https://www.mims.com/indonesia/drug/info/aluminium%20hydroxide/) "," Pemakaian Obat Obat ini dapat diminum sebelum atau sesudah makan. Hati-hati penggunaan obat ini jika Kamu sedang menjalani diet rendah garam, mengalami uremia atau penumpukan kadar urea dalam darah, pasien gagal jantung, bengkak, pendarahan lambung, gngguan ginjal dan hati, atau Kamu yang sedang hamil. Untuk penggunaan aluminium hidroksida sebagai pelindung kulit, hindari penggunaan pada kulit yang sedang terluka atau iritasi. (https://www.mims.com/indonesia/drug/info/aluminium%20hydroxide/?type=brief&mtype=generic) "," Dosis Dosis untuk terapi hiperfosfatemia pada pasien dengan gagal ginjal kronis adalah sampai 10 g sehari dan dibagi menjadi beberapa kali, atau dosis disesuaikan dengan kondisi pasien. Dosis untuk sakit maag tidak lebih dari 10 g, dan diberikan setelah makan dan sebelum tidur. Dosis untuk perlindungan kulit biasanya dalam bentuk gel dengan konsentrasi 0,275%. (https://www.mims.com/indonesia/drug/info/aluminium%20hydroxide/) "
13,Ambroxol," Penggunaan Ambroxol digunakan untuk pengobatan pada pasien dengan penyakit-penyakit pada saluran pernapasan dimana terjadi produksi lendir atau dahak yang berlebihan. Penyakit yang dimaksud adalah emfisema, radang paru kronis, bronkiektasis, perburukan gejala bronkitis kronis dan akut, bronkitis asmatik, asma bronkial, dan radang rinofaringeal. Obat ini dapat pula digunakan untuk mengurangi rasa sakit pada tenggorokan, karena memiliki efek antiinflamasi. (https://www.farmasiana.com/ambroxol/ambroxol/) "," Cara Kerja Obat Ambroxol termasuk obat mukolitik, atau pengencer dahak yang termasuk metabolit bromhexine. Sebagai agen mukolitik, ambroxol bekerja dengan cara memecah serat asam mukopolisakarida yang membuat dahak lebih encer dan mengurangi penumpukan lendir pada dinding tenggorokan sehingga mempermudah pengeluaran lendir saat batuk. (https://www.farmasiana.com/ambroxol/ambroxol/) "," Efek Samping Efek samping yang biasanya muncul saat penggunaan obat ambroxol adalah mual, muntah, nyeri pada ulu hati, kemerahan, bengkak pada wajah, dispnea, sesak nafas, dan kadang-kadang demam. (https://www.farmasiana.com/ambroxol/ambroxol/) ", Pemakaian Obat Pemberian ambroxol untuk Kamu yang sedang hamil dan menyusui harus dikonsultasikan dahulu ke dokter. Obat ini juga sebaiknya digunakan setelah makan atau bersamaan dengan makanan karena memiliki efek dapat merusak sawar mukosa lambung. Obat ini tidak boleh digunakan dalam jangka waktu panjang tanpa konsultasi dengan dokter. (https://www.farmasiana.com/ambroxol/ambroxol/) ," Dosis Dosis ambroxol dalam bentuk kapsul lepas lambat untuk orang dewasa dalah 75 mg sekali sehari setelah makan. Dosis ambroxol dalam bentuk tablet untuk pasien dewasa dan anak usia di atas 12 tahun adalah 30 mg, 2-3 sehari. Untuk anak usia 6-12 tahun, dosis yang dianjurkan adalah 15 mg 2-3 sehari. Dosis ambroxol dalam bentuk sediaan drop atau tetes di mana setiap 1 ml sama setara dengan 20 tetes adalah, untuk anak usia kurang dari 2 tahun diberikan 0.5 ml (10 tetes) dua kali sehari. Dosis ambroxol dalam bentuk sirup 15mg/5ml (1 sendok takar = 5 ml) pada anak usia 6-12 tahun adalah 1 sendok takar 2-3 kali sehari, anak usia 2-6 tahun 1/2 sendok takar tiga kali sehari, dan anak usia kurang dari 2 tahun 1/2 sendok takar, dua kali sehari. (https://www.farmasiana.com/ambroxol/ambroxol/) "
14,Amikacin," Penggunaan Amikacin adalah antibiotik yang digunakan untuk infeksi serius yang disebabkan oleh bakteri. Contoh infeksi serius yang dapat dapat diatasi dengan obat ini adalah septikemia atau sepsis di mana infeksi bakteri sudah menyebar ke dalam darah. Infeksi yang bisa diobati dengan amikacin adalah meningitis atauinfeksi sistem saraf pusat, infeksi saluran pernapasan serius (ISPA), infeksi tulang, sendi, kulit dan jaringan lunak, infeksi di rongga perut, dan infeksi akibat luka bakar ataupun pasca operasi. Amikacin kadang diberikan pada pasien yang menjalani bedah vaskular dan bedah sistem peredaran darah. Selain itu, obat ini juga digunakan untuk infeksi saluran kemih yang kambuh dan mengalami komplikasi.http://www.dexa-medica.com/our-product/prescriptions/ogb/Amikacin "," Cara Kerja Obat Amikacin merupakan antibiotik golongan aminoglikosida yang memiliki spektrum luas, artinya dapat membunuh banyak jenis bakteri, terutama bakteri gram negatif. Contoh bakteri gram negatif adalah Pseudomonas spp, Escherichia coli, Proteus spp indol-positif dan indol-negatif, Klebsiella-Enterobacter-Serratia spp, Salmonella, Shigella, Acinetobacter (Minea-Herellae), Citrobacter Freundii, dan Providencia spp. Bakteri yang masih sensitif terhadap amikacin ialah Staphylococcus spp, baik yang menghasilkan penisilinase maupun tidak. Amikacin memiliki aktivitas melawan bakteri gram positif lain, seperti strain Streptococcus pyogenes, Enterococci, dan Diplococcus pneumoniae (Streptococcus pneumoniae). Amikasin bekerja membunuh bakteri dengan cara menghambat pembentukan sel bakteri sehingga sel bakteri akan mati. (http://www.dexa-medica.com/our-product/prescriptions/ogb/Amikacin) "," Efek Samping Efek samping yang dapat terjadi saat menggunakan obat amikacin di antaranya ruam pada kulit, pembengkakan dan luka dalam mulut (stomatitis), gatal disertai ruam (pruritis), rasa terbakar, demam, peningkatan sel darah putih dalam darah (eosinofilia), reaksi toksik dalam telinga (ototoksisitas), gangguan koordinasi otot seperti vertigo dan ataksia, dan gejala yang behubungan dengan pendengaran, seperti telinga berdenging, gangguan pendengaran hingga tuli. Selain itu, Kamu yang tidak cocok menggunakan obat ini bisa mengalami gangguan pada urin akibat iritasi ginjal, produksi urin yang lebih sedikit, hingga reaksi toksi pada saraf, seperti sakit kepala, kesemutan, gemetar, mual, muntah, demam, dan anemia.  (http://www.dexa-medica.com/our-product/prescriptions/ogb/Amikacin) "," Pemakaian Obat Obat ini tidak dianjurkan untuk diberikan pada wanita hamil dan menyusui. Kalau Kamu ingin menggunakan obat ini, sebaiknya konsultasikan terlebih dahulu dengan dokter karena Amikacin dapat menyebabkan kerusakan pada ginjal dan ganggian pada telinga. (http://www.dexa-medica.com/our-product/prescriptions/ogb/Amikacin) "," Dosis Adapun dosis dari obat ini meliputi:- Jika obat dimasukkan langsung ke dalam otot di bawah jaringan subkutan melalui injeksi intramuskular seperti neonatus: dosis awal 10 mg/kgBB/hari yang diikuti dengan 7,5 mg/kgBB setiap 12 jam. Pemberian dosis untuk dewasa, anak-anak dan bayi dengan fungsi ginjal normal; 15 mg/kgBB/hari terbagi 2-3 kali pemberian (pada orang dewasa sebesar 500 mg dua kali sehari). - Obat diberikan secara injeksi intravena: 500 mg amikacin ke dalam 100-200 ml NaCl 0,9% atau Dekstrosa 5% dan diinfuskan selama 30-60 menit pada orang dewasa, volume infus tergantung kebutuhan dan periode infus 30-60 menit pada anak-anak, dan volume infus pada bayi tergantung pada kebutuhan dengan lama pemberian infus 1-2 jam. - Dosis untuk pasien dengan fungsi ginjal terganggu ialah dengan dosis awal 7,5 mg/kgBB. Adapun cara yang dianjurkan untuk memperkirakan dosis pada orang-orang yang diketahui atau diduga menderita gangguan fungsi ginjal ialah dengan mengalikan kadar kreatinin serum (dalam mg/100 ml) dengan 9. Kemudian, hasilnya merupakan interval dosis dalam jam. (http://www.dexa-medica.com/our-product/prescriptions/ogb/Amikacin) "
15,Amineptine, Penggunaan Amineptine adalah obat yang digunakan untuk mengatasi depresi atau gangguan psikologis. (https://www.tabletwise.com/medicine/amineptine) ," Cara Kerja Obat Amineptine bekerja dengan cara mencegah kelebihan hormon dopamin. Selain itu, obat ini juga memicu pelepasan hormon tersebut. (https://www.tabletwise.com/medicine/amineptine) "," Efek Samping Selain memiliki efek yang diinginkan, setiap obat pasti memiliki efek samping yang tidak diinginkan. Untuk amineptine, efek samping yang tidak diinginkan antar lain berjerawat, gangguan hati dan pankreas, serta syok anafilasis. (https://www.tabletwise.com/health/depression) "," Pemakaian Obat Gunakan amineptine sesuai dengan instruksi dokter. Jangan menggunakan terlalu banyak atau berhenti menggunakannya, jika tidak memperoleh izin dokter. Pasalnya, penggunaan berlebihan dari obat ini dapat meningkatkan risiko efek samping dan masalah lainnya. Amineptine tidak aman untuk dikonsumsi wanita menyusui. Untuk wanita hamil, diharuskan berkonsultasi terlebih dahulu dengan dokter sebelum menggunakan obat ini. Simpan amineptine dalam suhu kamar, jauh dari panas dan paparan cahaya.(https://www.tabletwise.com/medicine/amineptine#ref8) ", Dosis  
16,Aminofilin," Penggunaan Aminofilin adalah obat yang digunakan untuk mengobati penyempitan saluran udara di paru-paru, atau dalam istilah medis disebut bronkospasma, baik yang akut maupun kronis. (https://www.mims.com/indonesia/drug/info/aminophylline/) "," Cara Kerja Obat Aminofilin bekerja dengan cara meregangkan otot polos pada bronkus paru-paru dan pembuluh darah di paru-paru, dan mengurangi reaksi terhadap bahan-bahan penyebab alergi (alergen) yang menyebabkan keluhan sesak dan batuk. (https://mediskus.com/aminofilin) "," Efek Samping Obat ini akan menimbulkan efek samping seperti mual, muntah, sakit kepala, kadar kalium dalam darah terlalu rendah (hipokalemia), kadar fosfat dalam darah rendah (hipofosfatemia), tingginya kadar ion natrium dalam darah (hipernatremia ), tingginya kadar gula darah (hiperglikemia), kecemasan, insomnia, tidak dapat berpikir jernih (delirium), kebingungan, pusing, tremor (gemetar), gangguan penglihatan, jantung berdebar debar, laju detak jantung yang tidak normal, hipotensi, nyeri perut, diare, pendarahan saluran cerna, dan kulit yang kemerahan. Efek samping yang paling fatal dan mungkin terjadi adalah gangguan irama jantung bahkan henti jantung. (https://www.mims.com/indonesia/drug/info/aminophylline/) "," Pemakaian Obat Obat ini sebaiknya diberikan dalam kondisi perut kosong minimal 1 jam sebelum makan dan 2 jam setelah makan. Namun, bagi ibu hamil atau menyusui, sebaiknya berkonsultasi terlebih dahulu dengan dokter jika ingin mengonsumsi obat ini. Orang tua maupun anak-anak juga harus berhati-hati menggunakan obat ini dan cobalah untuk berkonsultasi lebih dulu pada dokter. (https://www.mims.com/indonesia/drug/info/aminophylline/) "," Dosis Adapun dosis dari obat ini dibedakan berdasrkan kondisi penyakit, akut atau kronis.- Untuk terapi bronkospasme parah akut, dan bagi orang dewasa yang belum pernah menerima obat teofilin, dosis awal yang diberikan yaitu 5 mg/kg atau dengan disuntikkan 250-500 mg secara perlahan atau diinfus selama 20-30 menit. Untuk dosis pemeliharaan cukup ,5 mg/kg/jam melalui infus dengan kecepatan maksimal 25 mg/menit. Sedangkan, pada orang dewasa yang pernah mendapatan obat teofilin, dosis awal ditunda sampai level serum teofilin dapat dipastikan jumlahnya. Pada anak-anak, dosis awal sama dengan dosis dewasa. Namun, dosis pemeliharaan 1mg/kg/BB (untuk usia 6 bulan sampai 9 tahun), 0.8 mg/kg/jam (untuk usia 10 - 16 tahun). Sedangkan, pada lansia, dosis pemeliharaan yaitu 0.3 mg/kg/jam. - Untuk terapi bronkospasme kronis, dosis awal yang diberikan pada orang dewasa yaitu 225-450 mg diberikan 2 kali sehari. Pemberian dosis dari obat ini pun dapat ditingkatkan jika perlu nih, Gengs. Dosis anak dengan berat badan lebih dari 40 kg yaitu dengan memberikan dosis awal 225 mg diberikan 2 kali sehari dan dapat ditingkatkan menjadi 450 mg diberikan 2 kali sehari setelah 1 minggu. Lansia mungkin membutuhkan penurunan dosis. Oleh karena itu, penggunaan obat ini harus sesuai anjuran dokter dan apoteker. (https://www.mims.com/indonesia/drug/info/aminophylline/) "
17,Amiodarone," Penggunaan Amiodarone adalah obat untuk mengobati supraventikular, yaitu kondisi di mana terjadi peningkatan kecepatan denyut jantung. Selain itu, obat ini juga digunakan untuk mengobati gangguan irama jantung yang penyebabnya berasal dari bilik bawah jantung (ventrikel) yang biasa disebut ventrikular aritmia. Obat ini juga digunakan untuk orang-orang yang mengalami henti jantung atau disebut pulseless ventrikular takikardi. (https://www.mims.com/indonesia/drug/info/amiodarone/) "," Cara Kerja Obat Cara kerja obat ini ialah dengan menstabilkan irama jantung yang terganggu akibat gangguan sinyal-sinyal listrik pada jantung. Agar bisa berdenyut, jantung juga menghasilkan listrik jantung, Gengs! Jadi bayangkan jika gardu listrik ini mengalami gangguan, akan berdampak pada suplai darah ke seluruh tubuh, bukan?(https://www.mims.com/indonesia/drug/info/amiodarone/) "," Efek Samping Amiodarone dapat menimbulkan efek samping seperti detak jantung menjadi lebih lambat (bradikardi), tekanan darah rendah (hipotensi), kerusakan sistem saraf tepi (neuropati perifer), dan peningkatakan tekanan pada tengkorak kepala (tekanan intrakranial). Efek samping yang dirasakan pasien bisa berupa kesemutan, gemetar, mimpi buruk, sulit tidur, kelumpuhan otot, sakit kepala, mual, muntah, hingga gangguan koordinasi otot. Efek samping amiodirone yang pernah dilaporkan juga meliputi peradangan pada pembuluh darah, radang pada saluran sperma (epididitimistis), penumpukan fosfolipid pada hati, kerusakan hati kronis, hepatitis, kegagalan hati, aliran empedu yang terhambat, henti jantung, gangguan irama jantung, timbulnya jaringan parut pada paru-paru, dan Steven Jhonson Syndrome. (https://www.mims.com/indonesia/drug/info/amiodarone/) "," Pemakaian Obat Obat ini harus diminum sesuai anjuran dokter. Kalau Kamu ingin mengonsumsi obat penyetabil irama dan denyut jantung lainnya, obat ini harus dihentikan secara bertahap. Obat ini dapat diminum sebelum atau sesudah makan dan harus diminum pada waktu yang sama setiap harinya. Biasanya dibutuhkan waktu sampai 2 minggu untuk obat bekerja sebelum irama jantung membaik. Tetap minum obat secara teratur walaupun gejala gangguan irama jantung sudah hilang. Jangan minum amiodarone saat hamil dan menyusui. Simpan selalu obat pada suhu ruangan dan jauhkan dari tempat panas dan lembab.(https://www.drugs.com/amiodarone.html) "," Dosis Adapun dosis untuk obat ini disesuaikan dengan kondisi pasien.- Untuk terapi ventrikular takikardi, dosis awal pada pasien dewasa adalah 300 mg atau 5 mg/kg melalui injeksi cepat. Dosis selanjutnya 150 mg atau 2,5 mg/kg. Sedangkan pada lansia, dosis disesuaikan atau biasanya diturunkan dari dosis normal. Dosis awal pada orang dewasa dalam bentuk infus intravena untuk terapi ventrikular aritmia ialah 5 mg/kg selama 20-120 menit dan dapat diulangi jika perlu. Namun, dosis maksimal ialah 1.200 mg dan dosisnya disesuaikan berdasarkan kondisi klinis selama 24 jam. Untuk kasus darurat, berikan dosis 150-300 mg melalui injeksi perlahan selama 3 menit. Kemudian, dosis selanjutnya diberikan minimal 15 menit. - Untuk terapi ventrikular aritmia dalam bentuk obat yang diminum dosis awalnya adalah 200 mg 3 kali sehari selama 1 minggu pada orang dewasa, kemudian kurangi dosis menjadi 200 mg 2 kali sehari untuk minggu selanjutnya. Sedangkan untuk dosis perawatan ialah kurang dari 200mg sehari. (https://www.mims.com/indonesia/drug/info/amiodarone/) "
18,Amitriptyline," Penggunaan Ada dua kegunaan obat ini, yaitu untuk mengatasi depresi dan kebiasaan ngompol pada malam hari. (https://www.mims.com/indonesia/drug/info/amitriptyline/) ", Cara Kerja Obat Amitriptyline adalah golongan obat antidepresan trisiklik yang bekerja dengan menyeimbangkan senyawa kimia pada otak. Depersi disebabkan karena gangguan atau ketidakseimbangan produksi senyawa kimia otak misalnya kekurangan serotonin dan dopamin. (https://www.mims.com/indonesia/drug/info/amitriptyline/) ," Efek Samping Setelah mengonsumsi obat ini, Kamu yang tidak cocok dengan obat ini mungkin akan mengalami efek samping seperti tekanan darah turun (hipotensi), detak jantung yang meningkat (takikardi), jantung berdebar-debar, bahkan pada kondisi fatal bisa menyebabkan stroke hingga koma. Tak jarang pasien mengalami kebingungan yang disertai dengan halusinasi, kecemasan, insomniam gangguan konsentrasi, mimpi buruk, kesemutan, gangguan koodinasi otot (ataxia), tremor (gemetar), kerusakan saraf tepi (neuropati perifer), kejang, telingan berdenging, mulut kering, pendangan kabur, kulit kemerahan, biduran, sensitif terhadap cahaya, pembesaran payudara, impotensi, bengkak, mual, muntah, diare, mengantuk, merasa lelah, hingga sakit kepala. Selain itu, hepatitis dan peningkatan fungsi hati juga dapat Kamu alami jika tidak cocok dengan obat ini. (https://www.mims.com/indonesia/drug/info/amitriptyline/) "," Pemakaian Obat Penggunaan obat ini harus sesuai anjuran dokter. Oleh karena itu, konsultasikanlah pada dokter Kamu jika ingin mengonsumsi obat ini. Amitriptyline tidak dianjurkan digunakan oleh siapapun yang berusia kurang dari 12 tahun. Obat ini membutuhkan waktu hingga 4 minggu sebelum gejala membaik. Tetap gunakan obat sesuai dengan anjuran dokter dan segera beritahu dokter jika gejala tidak membaik. Yang perlu Kamu ingat, jangan menghentikan penggunaan amitriptyline secara tiba-tiba karena akan menimbulkan gejala ketergantungan yang tidak nyaman. Untuk ibu hamil, dianjurkan untuk berkonsultasi terlebih dahulu dengan dokter sebelum menggunakan amitriptyline. Saat Kamu mengonsumsi amitriptyline, dianjurkan untuk tidak menyusui. (https://www.drugs.com/amitriptyline.html) "," Dosis Adapun dosis dari obat ini disesuikan dengan penyakit yang diobati:- Untuk terapi depresi, orang dewasa membutuhkan dosis 50-75 mg/hari dalam dosis tunggal atau dosis terbagi. Dosis ini pun dapat meningkat secara bertahap menjadi 150 mg/hari, dengan dosis maksimal 300mg/hari namun hanya untuk kasus depresi berat. Sedangkan pada anak, dosis awal diberikan 25-50 mg/hari dalam dosis tunggal atau dosis terbagi yang diberikan sebelum tidur. Pada lansia, pemberiaan dosis awal 25-50 mg /hari dalam dosis tunggal atau dosis terbagi. -Untuk terapi mengompol di malam hari atau nokturnal diuresis, bisa diberikan pada anak yang berusia 6-10 tahun. Dosisnya 10-20mg/hari, untuk anak usia 11-16 tahun dosis yang diberikan 25-50 mg/hari. Perlu diingat kalau pemberian obat ini sebaiknya dilakukan pada malam hari. (https://www.mims.com/indonesia/drug/info/amitriptyline/) "
19,Amlodipine, Penggunaan Ini adalah salah satu obat untuk mengobati darah tinggi dan mengobati serangan jantung (Prinzmetal Angina dan Stable Angina) (https://www.mims.com/indonesia/drug/info/amlodipine/) , Cara Kerja Obat  , Efek Samping Amlodipine termasuk obat golongan Calcium Channel Blocker (antagonis kalsium). Cara kerja obat golongan ini adalah dengan melemaskan dan melebarkan otot polos pembuluh darah yang terdapat pada jantung sehingga aliran darah menuju jantung menjadi lebih lancar.(https://www.mims.com/indonesia/drug/info/amlodipine/) ," Pemakaian Obat Obat ini dapat diminum sebelum atau sesudah makan. Penderita hipertensi yang mengonsumsi obat ini sebaiknya tidak mengendarai kendaraan atau mengoperasikan mesin. Saat mengonsumsi obat ini, waspadai beberapa kondisi terutama pada penderita gagal jantung, penderita gangguan ginjal dan hati, pasien lansia, atau wanita hamil dan menyusui(https://www.mims.com/indonesia/drug/info/amlodipine/) "," Dosis Dosis untuk mengobati Prinzmetal Angina dan Stable Angina pada orang dewasa adalah 5 mg sekali sehari dan dapat ditingkatkan menjadi 10 mg sehari jika perlu. Dosis untuk lansia, di awal diberikan dosis 2.5 mg sekali sehari. Sedangkan dosis untuk mengobati hipertensi pada orang dewasa adalah 5 mg sekali sehari yang dapat ditingkatkan menjadi 10 mg sekali sehari jika perlu. Anak usia 6-17 tahun diberikan dosis awal 2.5 mg sehari sekali, dan dapat ditingkatkan menjadi 5 mg sehari sekali jika perlu. Penderita hipertensi usia lanjut diberikan dosis awal 2.5 mg sehari sekali. (https://www.mims.com/indonesia/drug/info/amlodipine/) "
20,Amonium Klorida," Penggunaan Obat ini digunakan untuk mengobati batuk dan gangguan pernafasan, mencairkan lendir pada saluran pernafasan, mengurangi reflek batuk dan menghilangkan rasa gatal pada tenggorokan (ISO vol. 50) Selain itu, amonium klorida dapat digunakan sebagain agen pengasam pada kondisi dimana darah pasien terlalu basa pH nya. (https://www.mims.com/indonesia/drug/info/ammonium%20chloride/) ", Cara Kerja Obat Ammonium klorida merupakan salah satu bahan yang digunakan dalam obat batuk yang bersifat ekspektoran maupun antitusif. Ammonium klorida dapat mengencerkan dahak dengan cara mengiritasi bagian paru-paru sehingga paru-paru akan memproduksi lendir yang cair dan akan memudahkan batuk. (https://id.wikipedia.org/wiki/Amonium_klorida) ," Efek Samping Efek samping yang dapat terjadi saat minum obat dengan kandungan amonium klorida untuk agen pengasam darah adalah timbul rasa nyeri dan iritasi pada tempat injeksi atau sepanjang pembuluh darah yang dialiri larutan amonium klorida. Ini bisa terjadi jika kecepatan infus terlalu cepat. Selain itu timbul kemerahan, sakit kepala, hilang kesadaran secara bertahap, kebingungan, hiperventilasi (menarik nafas berlebihan/megap-megap), detak jantung menurun, hingga koma. Sedangkan efek samping yang dapat terjadi saat amonium klorida digunakan sebagai obat batuk adalah mengantuk, lesu, tegang, insomnia, gemetar, nafsu makan berkurang, mual, muntah, gangguan pada ulu hati, sembelit atau diare. (https://www.mims.com/indonesia/drug/info/ammonium%20chloride/ dan ISO vol.50) "," Pemakaian Obat Pemakaian amonium klorida untuk membuat asam darah ialah dengan dilarutkan dahulu sebelum digunakan. Konsentrasi akhir harus tidak boleh lebih dari 1-2% ammonium klorida. Larutan yang mengandung 100-200 mEq ammonium klorida harus dilarutkan dengan 500 atau 1000 ml larutan NaCl. Hati-hati penggunaan obat ini pada wanita hamil, ibu menyusui, anak-anak, dan lansia. (https://www.mims.com/indonesia/drug/info/ammonium%20chloride/) ", Dosis Dosis amonium klorida untuk obat batuk disesuaikan tergantung dengan komposisi masing-masing obat batuk. Sedangkan membuat asam darah dosisnya tergantung keparahan kondisi dan toleransi pasien. Amonium klorida harus dilarutkan sebelum digunakan dengan kecepatan cairan infus yang disarankan tidak lebih dari 5ml/menit. (https://www.mims.com/indonesia/drug/info/ammonium%20chloride/) 
21,Amoxapine," Penggunaan Amoxapine merupakan obat yang digunakan untuk mengobati gejala depresi, kecemasan, atau agitasi (resah dan gelisah). Mengobati depresi bisa meningkatkan mood, kebahagiaan, dan kualitas hidup penderitanya.(https://www.drugs.com/mtm/amoxapine.html) ", Cara Kerja Obat Amoxapine termasuk golongan obat antidepresan trisiklik. Obat ini bekerja di sistem saraf pusat untuk mengembalikan keseimbangan sinyal kimia (neurotransmitter) di dalam otak. (https://www.drugs.com/mtm/amoxapine.html) ," Efek Samping Selain memiliki efek yang diinginkan, setiap obat pasti memiliki efek samping yang tidak diinginkan. Untuk amoxapine, efek sampingnya dibedakan menjadi dua golongan, yaitu efek samping yang agak jarang terjadi dan yang jarang terjadi. Untuk efek samping yang jarang terjadi diantaranya, kegembiraan berlebih, detak jantung cepat dan tidak beraturan, kecemasan atau ketakutan, perubahan mood dan mental, mimpi buruk, sulit untuk tenang, sempoyongan saat berjalan, kurang tidur, bengkak, gangguan tidur, dan tidak bisa tidur. Sementara itu, efek samping amoxapine yang jarang terjadi antara lain perut kembung, kesemutan, konstipasi, pening, mengantuk, sakit kepala, kehilangan pendengaran, tekanan darah rendah, biduran, gangguan pencernaan, mual dan muntah, kulit kemerahan, tenggorokan nyer, sakit perut, dan muntah.(https://www.drugs.com/sfx/amoxapine-side-effects.html) "," Pemakaian Obat Gunakan amoxapine sesuai dengan instruksi dokter. Jangan menggunakan terlalu banyak atau berhenti menggunakannya, jika tidak memperoleh izin dokter. Pasalnya, penggunaan berlebihan dari obat ini dapat meningkatkan risiko efek samping dan masalah lainnya. Amoxapine dilarang untuk dikonsumsi kalau Kamu baru saja mengalami serangan jantung. Konsumsi obat ini juga dilarang dalam 14 hari terakhir penggunaan obat golongan MAO inhibitor.Wanita hamil harus berkonsultasi terlebih dahulu dengan dokter sebelum menggunakan amoxapine. Karena obat ini bisa masuk ke dalam ASI dan membahayakan bayi, wanita menyusui juga harus berkonsultasi dengan dokter jika ingin mengonsumsinya. Amoxapine tidak boleh diberikan pada anak berusia di bawah 18 tahun. Untuk waktu penggunaannya sendiri, disarankan mengonsumsi amoxapine sebelum tidur malam. Simpan amoxapine dalam suhu kamar, jauh dari panas dan udara lembab.(https://www.drugs.com/mtm/amoxapine.html) "," Dosis Dosis amoxapine pada setiap pasien bisa berbeda-beda. Ikuti instruksi dokter dan label obat. Informasi berikut menjelaskan tentang dosis rata-rata dari obat ini. Kalau dosis yang sudah diberikan dokter kepada Kamu berbeda, jangan mengubahnya kecuali jika dokter yang memerintahkan.Jumlah dosis amoxapine yang diberikan tergantung dari kekuatan obat ini. Selain itu, jumlah dosis yang Kamu konsumsi setiap hari, jarak waktu antara konsumsi obat, dan seberapa lama obat harus dikonsumsi, tergantung dari masalah medis yang Kamu alami.Dosis amoxapine dalam bentuk oral: Untuk dosis awalnya 50 miligram sebanyak 2 kali sehari atau 3 kali sehari. Dosisnya dapat ditingkatkan menjadi 100 miligram sebanyak 2 kali sehari atau 3 kali sehari di akhir minggu pertama. Sementara itu, untuk depresi berat pada pasien RS, dosisnya dapat mencapai 600 miligram per hari.(https://www.mims.com/indonesia/drug/info/amoxapine/?q=amoxapine&mtype=generic) "
22,Amoxicillin," Penggunaan Amoxicillin adalah antibiotik yang digunakan untuk mengobati infeksi bakteri yang masih peka terhadap amoxicillin. Misalnya H. influenzae, N. Gonorrhoea, E. Coli, Pneumococci, Streptococci, dan Staphylococci. Beberapa infeksi bakteri yang dapat diobati dengan amoxicillin mulai dari infeksi gusi hingga saluran napas. Dengan kata lain amoxicillin adalah salah satu antibiotik yang sangat bemanfaat jika digunakan dengan bijaksana. Inilah infeksi yang bisa diatasi dengan amoxicillin, yaitu infeksi pada gusi hingga bernanah, infeksi saluran kemih, gonorrhoea, infeksi karena bakteri H. pylori, infeksi saluran pernapasan berat atau kambuhan, actinomycosis (penyakit kulit akibat infeksi jamur), infeksi saluran empedu, bronkitis (infeksi pada cabang tenggorokan), endokarditis (infeksi pada lapisan dalam jantung), gastroenteritis (infeksi pada lambung), infeksi mulut, otitis media (infeksi telingan bagian tengah), pneumonia, demam tifoid, faringitis (radang tenggorokan), dan infeksi amandel. (https://www.mims.com/indonesia/drug/info/amoxicillin/) ", Cara Kerja Obat Amoxicillin termasuk ke dalam antibiotik penisilin. Amoxicillin bekerja dengan cara menghambat pembentukan dinding sel bakteri sehingga bakteri akan mati. (https://www.mims.com/indonesia/drug/info/amoxicillin/) ," Efek Samping Efek samping yang mungkin terjadi saat meminum amoxicillin adalah mual, muntah, diare, lidah berbulu hitam, erythematous maculopapular rashes (ruam merah pada kulit), Stevens-Johnson syndrome, kulit terkelupas, hypersensitivitas vaskulitis (peradangan pada pembuluh darah), urtikaria (biduran), peningkatan AST dan ALT, penyakit kuning, crystalluria (kristal pada urine), anemia, trombositopenia purpura (kadar trombosit menurun), eosinophilia (sel darah putih meningkat), leucopenia (sel darah putih menurun), agranulocytosis (kondisi akut dari leukopenia). Efek samping yang jarang terjadi adalah hiperaktivitas, kegelisahan, kecemasan, insomnia, kebingungan, perubahan prilaku, pusing, perubahan warna gigi. (https://www.mims.com/indonesia/drug/info/amoxicillin/) "," Pemakaian Obat Baca aturan pakai sebelum minum amoxicillin. Gunakanlah obat yang satu ini sesuai dengan anjuran dokter. Jangan menggunakan obat dengan dosis lebih kecil atau lebih besar dari yang direkomendasikan. Minumlah obat di waktu yang sama setiap harinya. Beberapa obat amoxicillin dapat diminum sebelum atau sesudah makan. Baca aturan minum obat sesuai dengan yang tertera pada label obat. Khusus sediaan tablet kunyah, obat harus dikunyah dahulu sebelum diminum. Jangan menggerus, mengunyah atau memecahkan tablet lepas lambat. Telan obat secara utuh. Gunakan obat sesuai dengan lama pengobatan yang sudah dianjurkan. Gejala mungkin akan membaik sebelum sumber infeksi benar-benar terobati. Melewatkan dosis minum obat akan menimbulkan resiko infeksi di kemudian hari yang resistan terhadap antibiotik. Amoxicilin tidak dapat mengatasi infeksi yang disebabkan oleh virus seperti flu atau pilek. Konsultasikan dengan dokter sebelum ibu hamil dan ibu menyusui menggunakan amoxicillin. Simpan obat pada suhu ruangan dan jauhkan dari tempat yang lembab, panas dan terkena cahaya matahari langsung.(https://www.drugs.com/amoxicillin.html) "," Dosis Dosis Amoxicillin untuk terapi nanah pada gusi adalah 3 gr pada orang dewasa dan ulangi pemberian sekali setiap 8 jam. Dosis amoxicillin untuk terapi infeksi saluran kemih juga 3 g, ulangi pemberian sekali setelah 10-12 jam. Dosis amoxicillin untuk terapi gonorrhoea adalah 3 g dalam dosis tunggal dengan probenecid 1 g. Dosis amoxicillin untuk infeksi karena H. Pylori pada lambung adalah 750 mg atau 1000 mg 2 kali sehari atau 500 mg tiga kali sehari dikombinasikan dengan metronidazole atau clarithromycin dan PPI (Penghambat Pompa Proton). Dosis amoxicillin untuk infeksi saluran pernafasan adalah 3 g dua kali sehari. Dosis amoxicillin untuk terapi actinomycosis, infeksi saluran empedu, bronkitis, endokarditis, gastroenteritis, gonorrhoea, infeksi mulut, otitis media, pneumonia, demam tifoid, infeksi saluran kemih pada orang dewasa adalah 250-500 mg setiap 8 jam atau 500-875 mg setiap 12 jam. pada anak dengan berat badan kurang dari 40 kg, dosisnya 40-90 mg/kg sehari 2-3 kali sehari. Dosis amoxicillin untuk pencegahan endokarditis pada orang dewasa adalah 2 atau 3 g dalam dosis tunggal, diberikan 1 jam sebelum pembedahan. Untuk anak dosisnya 50 mg/kg dalam dosis tunggal, gunakan 1 jam sebelum pembedahan. Amoxicillin untuk terapi faringitis dan tonsilitis dalam tablet lepas lambat dalah 775 mg sehari selama 10 hari. (https://www.mims.com/indonesia/drug/info/amoxicillin/) "
23,Amphotericin B," Penggunaan Amphotericin B digunakan untuk mengobati infeksi jamur, di antaranya kandidiasis oral atau infeksi jamur candida albicans di rongga mulut, infeksi jamur di seluruh tubuh, infeksi jamur aspergillosis, endocarditis (peradangan pada jaringan dalam jantung), meningitis parah, dan candiduria (infeksi jamur dalam saluran kemih)(https://www.mims.com/indonesia/drug/info/amphotericin%20b/?type=brief&mtype=generic) ", Cara Kerja Obat Amphotericin B bekerja dengan cara berikatan dengan bagian dari membran sel jamur dan karena ikatan inilah membran sel jamur akan bocor dan bagian dalam sel jamur merembes keluar sehingga jamur akan rusak dan mati.(https://www.mims.com/indonesia/drug/info/amphotericin%20b/?type=brief&mtype=generic) ," Efek Samping Efek samping yang umumnya muncul pada saat menggunakan amphotericin B sediaan salep adalah iritasi lokal berupa gatal-gatal dan kulit memerah. Sedangkan, efek samping yang umumnya muncul setelah penggunaan ampothericin B dalam bentuk infus adalah demam, mengigil, kejang, badan berasa tidak enak, mual, muntah, diare, anoreksia, telinga berdenging, vertigo, hilangnya pendengaran, hipotensi, hipertensi, gangguan irama jantung, kerusakan saraf tepi, pembengkakan pada pembuluh darah, nyeri di tempat injeksi, gangguan fungsi ginjal dan toksisitas pada ginjal. Efek samping fatal yang mungkin terjadi adalah reaksi anafilaktik (reaksi alergi obat yang parah) atau leukoenselopati (infeksi virus yang berat di otak). Overdosis amphotericin B dapat menyebabkan henti nafas. (https://www.mims.com/indonesia/drug/info/amphotericin%20b/?type=brief&mtype=generic) "," Pemakaian Obat Amphotericin B tersedia dalam bentuk injeksi atau diminum. Untuk sediaan yang bentuknya injeksi atau suntikan, sebelum dipakai harus dilarutkan dahulu dengan pelarut yang sesuai sampai mencapai konsentrasi larutan yang dibutuhkan. Kamu yang mengalami kondisi hipersensitif dengan amphoterisin B, tengah hamil dan menyusui, memiliki gangguan ginjal dan hati, atau pasien yang sedang menjalani pengobatan kanker sebaiknya berhati-hati menggunakan obat ini.(https://www.mims.com/indonesia/drug/info/amphotericin%20b/?type=brief&mtype=generic) "," Dosis Dosis untuk obat minum:1. Untuk mengobati infeksi jamur candida di rongga mulut, diberikan tablet hisap yang per tabletnya mengandung amphotericin B 10 mg. 1 tablet hisap diberikan 4 kali sehari, sampai 8 tablet hisap jika dibutuhkan. Dosis untuk amphotericin B suntikan:1. Untuk mengobati infeksi jamur sistemik yang berat, lakukan: tes dosis sebanyak 1 mg jika dibutuhkan. Kemudian mulai dengan dosis 250 mcg/kg/hari. Maksimal pemberian adalah 1,5 mg/kg/hari.2. Untuk mengobati aspergillosis atau infeksi oleh jamur aspergillus yang sudah menyebar, lakukan tes dosis 1 mg jika dibutuhkan. Dosis umumnya adalah 0.6-0.7 mg/kg/hari selama 3-6 bulan. 3. Untuk mengobati endocarditis (infeksi lapisan dalam jantung), lakukan tes dosis 1 mg jika dibutuhkan. Dosis umumnya adalah 0.6-1 mg/kg/hari selama 1 minggu, kemudian 0.8 mg/kg/hari setiap keesokan harinya selama 6-8 minggu setelah operasi.Dosis amphotericin B dalam sediaan intratekal atau suntikan langsung pada tulang punggung adalah1. Untuk mengobati meningitis parah, lakukan tes dosis 1 mg jika perlu. Dosis awalnya 25 mcg, dapat meningkat secara bertahap sampai dosis maksimal yang dapat ditoleransi. Dosis umumnya adalah 0.25-1 mg 2-4 kali seminggu. Dosis amphotericin B dalam bentuk larutan irigasi (untuk membasuh):1. Untuk mengobati candiduria atau infeksi jamur pada saluran kemih, dosisnya 50 mg/hari untuk membasuh saluran kemih secara berkesinambungan selama 5-10 hari atau sampai bakteri yang ditemukan di urine telah bersih.(https://www.mims.com/indonesia/drug/info/amphotericin%20b/?type=brief&mtype=generic) "
24,Ampicillin," Penggunaan Ampicillin adalah antibiotik untuk mengobati berbagai infeksi bakteri, mulai dari infeksi di saluran pernapasan, demam tifoid dan paratifoid, gonorrhoea, pencegahan infeksi bakteri streptokokus saat melahirkan, meningitis, sepsis (infeksi bakteri pada darah). (https://www.mims.com/indonesia/drug/info/ampicillin/?type=brief&mtype=generic) "," Cara Kerja Obat Ampicillin termasuk dalam antibiotik golongan penisilin yang memiliki mekanisme kerja menghambat pembentukan dinding sel bakteri dengan berikatan dengan protein yang terdapat pada dinding sel tersebut. Dengan begitu, bakteri akan tidak memiliki dinding sel yang berujung pada kematian sel bakteri. (https://www.mims.com/indonesia/drug/info/ampicillin/?type=brief&mtype=generic) "," Efek Samping Efek samping yang umumnya terjadi saat memakai obat Ampicillin adalah mual, muntah, diare, mulut kering, lidah berbulu hitam, kemerahan, Stevens-Johnson syndrome, angioedema (pembengkakan pada jaringan bawah kulit), demam, nyeri sendi, anemia, trombositopenia (penurunan trombosit), leukopenia (jumlah sel leukosit menurun), neutropenia (jumlah neutrofil menurun), gangguan pembekuan darah, perpanjangan waktu pendarahan and prothrombin time, toksisitas saraf pusat (contoh; kejang); kesemutan, kerusakan sel ginjal, interstitial nephritis (pembengkakkan ruang di sekitar ginjal, hepatitis, penyumbatan saluran empedu)Efek samping yang berpotensi fatal: reaksi anafilaksis (reaksi alergi berlebihan), Clostridium difficile-associated diarrhoea (CDAD). "," Pemakaian Obat Ampicillin sebaiknya diminum saat perut kosong (1 jam sebelum makan atau 2 jam setelah makan). Hati-hati penggunaan pada pasien dengan riwayat alergi antibiotik golongan β-lactam, gangguan ginjal, wanita yang sedang hamil dan sedang menyusui. (https://www.mims.com/indonesia/drug/info/ampicillin/?type=brief&mtype=generic) "," Dosis Dosis untuk pasien yang rentan infeksi atau untuk pencegahan adalah 500 mg setiap 6 jam sekali. Dosis untuk terapi infeksi saluran nafas atas adalah 500 mg setiap 8 jam. Dosis untuk terapi demam tifoid dan paratifoid, 1-2 g setiap 6 jam selama 2 minggu (infeksi akut), dan selama 4-12 minggu (pembawa kuman). Dosis terapi gonorrhoea adalah 2 g dikombinasikan dengan 1 g probenecid dalam dosis tunggal. Dosis pencegahan infeksi bakteri steptokokus saat melahirkan adalah dosis awal 2 g kemudian 1 g setiap 4 jam sampai bayi lahir. Dosis untuk meningitis bisa diberikan 2 g setiap 6 jam. Dosis untuk kondisi sepsis mencapai 150-200 mg/kg/hari. (https://www.mims.com/indonesia/drug/info/ampicillin/?type=brief&mtype=generic) "
25,Anidulafungin," Penggunaan Anidulafungin adalah obat yang digunakan untuk mengatasi infeksi jamur candida (jamur) dalam darah, perut, atau esofagus. (https://www.drugs.com/mtm/anidulafungin.html) ", Cara Kerja Obat Anidulafungin merupakan antifungi atau antijamur. Obat ini bekerja dengan cara menghentikan pertumbuhan jamur dan melawan infeksinya. (https://www.drugs.com/mtm/anidulafungin.html) ," Efek Samping Selain memiliki efek yang diinginkan, setiap obat pasti memiliki efek samping yang tidak diinginkan. Untuk anidulafungin, efek sampingnya dibedakan menjadi dua golongan, yaitu efek samping yang agak jarang terjadi dan yang jarang terjadi. Untuk efek samping yang agak jarang terjadi, diantaranya, feses berwarna hitam, menggigil, batuk, menurunnya jumlah urine, mulut kering, demam, sering haus, detak jantung tidak teratur, kehilangan nafsu makan, perubahan mental atau mood, nyeri otot atau keram, mual atau muntah, kesemutan, kesulitan atau nyeri saat berkemih, kulit pucat, kejang, nafas pendek-pendek, tenggorokan nyeri, pendarahan atau memar yang tidak biasa, kelemahan atau kelelahan yang tidak biasa. Sementara itu, untuk efek samping yang jarang terjadi dari anidulafungin antara lain, sakit perut, nyeri punggung, gusi berdarah, darah dalam urin dan feses, pandangan kabur, konstipasi, depresi, diare, pening, detak jantung cepat, kulit kering, sakit kepala, biduran, kulit kemerahan, detak jantung melambat, penurunan berat badan yang tidak dapat dijelaskan, dan bintik-bintik kemerahan.(https://www.drugs.com/sfx/anidulafungin-side-effects.html) "," Pemakaian Obat Gunakan anidulafungin sesuai dengan instruksi dokter. Jangan menggunakan terlalu banyak atau berhenti menggunakannya, jika tidak memperoleh izin dokter. Pasalnya, penggunaan berlebihan dari obat ini dapat meningkatkan risiko efek samping dan masalah lainnya. Anidulafungin disediakan dalam bentuk intravena atau infus melalui pembuluh vena. Obat ini dianggap tidak aman untuk wanita menyusui. Sementara itu, untuk wanita hamil harus berkonsultasi terlebih dahulu dengan dokter sebelum menggunakan anidulafungin. Obat ini harus disimpan di dalam kulkas, bukan freezer. Kalau warna larutannya sudah berubah, jangan gunakan obat tersebut.(https://www.drugs.com/mtm/anidulafungin.html) "," Dosis Dosis anidulafungin pada setiap pasien bisa berbeda-beda. Ikuti instruksi dokter dan label obat. Informasi berikut menjelaskan tentang dosis rata-rata dari obat ini. Kalau dosis yang sudah diberikan dokter kepada Kamu berbeda, jangan mengubahnya kecuali jika dokter yang memerintahkan.Jumlah dosis anidulafungin yang diberikan tergantung dari kekuatan obat ini. Selain itu, jumlah dosis yang Kamu konsumsi setiap hari, jarak waktu antara konsumsi obat, dan seberapa lama obat harus digunakan, tergantung dari masalah medis yang Kamu alami.Dosis antidulafungin dalam bentuk intravena untuk orang dewasa:1. Untuk mengobati candidiasis, candidaemia, dan infeksi candida, Dosis muatan (awal) adalah 200 miligram di hari pertama. Kemudian, 100 miligram sebanyak 1 kali sehari setelah 14 hari kultur positif.2. Untuk mengobati candidiasis esofagus, dosis muatan 100 miligram pada di pertama. Kemudian, 50 miligram 1 kali sehari setelah 14 hari dan 7 hari setelah hasil dari gejala diketahui. Kecepatan infusnya maksimum 1.1 miligram per menit. (https://www.mims.com/indonesia/drug/info/anidulafungin/?q=anidulafungin&mtype=generic) "
26,Apixaban, Penggunaan Apixaban adalah obat yang digunakan untuk menurunkan risiko stroke akibat penggumpalan darah pada penderita gangguan ritme jantung (atrial fibrillation). Obat ini juga digunakan setelah operasi penggantian panggul atau lutut untuk mencegah penggumpalan darah (deep vein thrombosis/DVT) di dalam paru-paru (pulmonary embolism/PE). (https://www.drugs.com/mtm/apixaban.html) , Cara Kerja Obat Apixaban termasuk golongan obat antikoagulan. Obat ini bekerja dengan cara memblokir sejumlah substansi protein penggumpal darah. (https://www.drugs.com/mtm/apixaban.html) ," Efek Samping Selain memiliki efek yang diinginkan, setiap obat pasti memiliki efek samping yang tidak diinginkan. Untuk apixaban, efek samping yang bisa terjadi antara lain, pendarahan pada mata, darah dalam urine, feses berwarna hitam atau berdarah, memar pada kulit, kebingungan, konstipasi, batuk darah, kesulitan menelan, pening, wajah pucat, detak jantung cepat, sakit kepala, biduran, kulit kemerahan, bengkak pada sendi, mual dan muntah, mimisan, mata merah, sakit perut parah, nafas pendek-pendek, rasa sesak pada dada, serta muntah darah.(https://www.drugs.com/sfx/apixaban-side-effects.html) "," Pemakaian Obat Gunakan apixaban sesuai dengan instruksi dokter. Jangan menggunakan terlalu banyak atau berhenti menggunakannya, jika tidak memperoleh izin dokter. Pasalnya, penggunaan berlebihan dari obat ini dapat meningkatkan risiko efek samping dan masalah lainnya. Selain itu, berhenti mengonsumsi apixaban secara tiba-tiba juga meningkatkan risiko stroke atau penggumpalan darah. Kamu bisa mengonsumsi apixaban dengan atau tanpa makanan. Karena obat ini bisa menyebabkan pendarahan, segera hubungi dokter jika masalah tersebut tidak kunjung berhenti. Karena risiko pendarahan ini pula apixaban pada wanita hamil dianggap berbahaya. Konsultasikan dengan dokter sebelum memutuskan untuk mengonsumsinya. Wanita menyusui juga tidak direkomendasikan mengonsumsi apixaban. Simpan obat ini dalam suhu kamar, jauh dari udara lembab dan panas. (https://www.drugs.com/mtm/apixaban.html) "," Dosis Dosis apixaban pada setiap pasien bisa berbeda-beda. Ikuti instruksi dokter dan label obat. Informasi berikut menjelaskan tentang dosis rata-rata dari obat ini. Kalau dosis yang sudah diberikan dokter kepada Kamu berbeda, jangan mengubahnya kecuali jika dokter yang memerintahkan.Jumlah dosis apixaban yang diberikan tergantung dari kekuatan obat ini. Selain itu, jumlah dosis yang Kamu konsumsi setiap hari, jarak waktu antara konsumsi obat, dan seberapa lama obat harus digunakan, tergantung dari masalah medis yang Kamu alami.Dosis apixaban dalam bentuk oral untuk orang dewasa:1. Untuk mencegah tromboemboli vena pasca operasi, dosisnya 2.5 miligram sebanyak 2 kali sehari, dimulai 12-24 jam setelah operasi. Durasi konsumsinya 10-14 hari setelah operasi lutut dan 32-38 hari setelah operasi panggul.2. Untuk mencegah stroke dan embolisme sistemik non-valvular AF, dosisnya 5 miligram 2 kali sehari.3. Untuk pengobatan DVT dan pulmonari embolsime, dosisnya 10 miligram sebanyak 2 kali sehari selama 7 hari, kemudian dilanjutkan 5 miligram 2 kali sehari.(https://www.mims.com/indonesia/drug/info/apixaban/?q=apixaban&mtype=generic) "
27,Arginine," Penggunaan Arginine adalah suplemen yang biasa diberikan untuk berbagai masalah kesehatan. Misalnya mengobati nyeri dada, gangguan ereksi atau impotensi pada pria, peradangan pada saluran cerna bayi prematur, toleransi nitrat (efek terapi obat golongan nitrat berkurang karena penggunaan obat nitrat jangka panjang), nyeri pada kaki akibat aliran darah yang kurang baik, danbisa juga untuk mempercepat pemyembuhan setelah operasi dan bisa menjadi pilihan obat menurunkan tekanan darah tinggi pada ibu hamil (pre-eklamsia)(https://www.webmd.com/vitamins/ai/ingredientmono-875/l-arginine) "," Cara Kerja Obat Arginine merupakan asam amino yang secara alamiah terdapat di dalam tubuh manusia. Suplemen arginine didapatkan dari makanan dan dibutuhkan oleh tubuh untuk membentuk protein. Arginine dapat ditemukan pada daging merah, unggas, ikan dan produk susu. Arginine dapat digunakan menjadi obat karena memiliki efek melebarkan pembuluh darah sehingga melancarkan peredaran darah. Arginine juga menstimulasi pelepasan hormon pertumbuhan dan insulin. (https://www.webmd.com/vitamins/ai/ingredientmono-875/l-arginine) "," Efek Samping Efek samping yang mungkin terjadi saat mengkonsumsi suplemen arginine adalah nyeri perut, kembung, diare, asam urat, kelainan darah, alergi, pembengkakkan saluran nafas, perburukan asma, tekanan darah menjadi rendah.(https://www.webmd.com/vitamins/ai/ingredientmono-875/l-arginine) "," Pemakaian Obat Arginine aman untuk diminum dalam bentuk sediaan oral maupun untuk dioleskan ke kulit. Suplemen ini juga aman digunakan untuk ibu hamil dalam jangka waktu pemakaian singkat, dan kemungkinan tidak aman jika digunakan dalam jangka waktu yang lama. Hati-hati penggunaan pada pasien asma atau alergi karena akan memperparah alergi dan pembengkakan pada saluran nafas. Juga pada pasien sirosis hati, tekanan darah rendah, riwayat penyakit ginjal, pasien yang akan menjalani operasi (hentikan penggunaan 2 minggu sebelum operasi). sebaiknya gunakan dengan hati-hati.(https://www.webmd.com/vitamins/ai/ingredientmono-875/l-arginine) "," Dosis Dosis arginine untuk terapi gagal jantung adalah 6-20 g per hari diberikan tiga kali sehari. Dosis arginine untuk terapi nyeri dada akibat serangan jantung, 3-6 gram per hari, 3 kali sehari selama satu bulan.Dosis arginine untuk pencegahan berkurangnya efektivitas obat golongan nitrat dalam mengurangi nyeri dada karena jantung koroner adalah 700 mg, diberikan empat kali sehari. Dosis arginin untuk terapi impotensi adalah 5 gram sehari.Dosis arginine untuk pencegahan peradangan saluran cerna pada bayi prematur adalah 261 mg/kg selama 28 hari pertama sejak kelahiran bayi.(https://www.webmd.com/vitamins/ai/ingredientmono-875/l-arginine) "
28,Aripiprazole," Penggunaan Aripiprazole adalah obat untuk pasien dengan gangguan mental atau gangguan perubahan mood seperti dimana mood yang berlebihan dan sering (contohnya bipolar disorder, schizophrenia, Tourette's disorder). Obat ini juga dapat dikombinasi dengan obat lain untuk terapi depresi.(https://www.webmd.com/drugs/2/drug-64437-4274/aripiprazole-oral/aripiprazole-oral/details) "," Cara Kerja Obat Aripiprazole termasuk ke dalam obat golongan antipsikotik. Obat ini bekerja dengan cara mengembalikan keseimbangan senyawa kimia tertentu pada otak sehingga dapat menurunkan halusinasi dan meningkatkan konsentrasi. Obat ini dapat membantu Kamu untuk berpikir jernih dan positif, tidak gelisah, dan berperan aktif di kehidupan sehari-harinya. (https://www.webmd.com/drugs/2/drug-64437-4274/aripiprazole-oral/aripiprazole-oral/details) "," Efek Samping - Efek samping yang mungkin terjadi saat meminum obat aripiprazole adalah pusing, mata berkunang - kunang, mual, muntah, kelelahan, air liur berlebihan/menetes, pandangan kabur, berat badan naik, konstipasi, sakit kepala, gangguan tidur. - Efek samping yang jarang terjadi adalah naiknya gula darah sehingga memperburuk diabetes, pergerakan wajah, mulut, lidah, lengan, kaki yang tidak terkontrol, neuroleptic malignant syndrome (NMS) (reaksi terhadap obat antipsikotik yang ditandai dengan gejala demam, otot kaku, kelelahan berat, berkeringat, jantung berdetak kencang, urine gelap, beberapa gejala gangguan ginjal).- Reaksi alergi berat setelah meminum obat ini jarang terjadi, misalnya kulit kemerahan, gatal/bengkak, mengantuk parah, kesulitan bernafas.(https://www.webmd.com/drugs/2/drug-64437-1528/aripiprazole-oral/aripiprazole-disintegrating-tablet-oral/details) "," Pemakaian Obat - Sebaiknya baca dengan seksama leaflet informasi obat sebelum meminum obat aripriprazole dan tanyakan kepada dokter atau apoteker jika ada penjelasan yang kurang dimengerti. Secara umum, obat ini dapat diminum sebelum makan dan sesudah makan. Hati - hati penggunaan aripriprazole pada pasien yang memiliki riwayat mudah alergi karena beberapa komponen obat ini dapat menyebabkan alergi.- Obat ini dapat menyebabkan pusing, mengantuk, atau pandangan kabur sehingga jangan mengendarain kendaraan atau mengoperasikan mesin saat meminum obat ini. Hindari juga minum alkohol karena akan memperparah gejala pusing atau mengantuk.- Obat ini dapat menyebabkan keringat berkurang sehingga disarankan untuk menghindari pekerjaan yang terlalu berat contoh bekerja berat pada cuaca panas atau berendam di air panas.- Selama masa kehamilan penggunaan obat ini hanya dilakukan jika sangat mendesak karena bayi yang lahir dari ibu yang pernah menggunakan obat ini pada trimester akhir bisa mengalami gejala otot kaku, mengantuk, kesulitan bernafas, atau menangis terus. - Obat ini dapat masuk ke air susu ibu sehingga tidak direkomendasikan untuk ibu menyusui.(https://www.webmd.com/drugs/2/drug-64437-4274/aripiprazole-oral/aripiprazole-oral/details) "," Dosis - Dosis awal aripiprazole untuk terapi schizophrenia, adalah 10 mg atau 15 mg sehari sekali. Dan dosis pemeliharaan 15 mg sekali sehari. - Dosis awal aripiprazole untuk terapi gangguan perubahan mood adalah 15 mg sekali sehari dan dapat ditingkatkan menjadi 30 mg sekali sehari. (https://www.webmd.com/drugs/2/drug-64437-4274/aripiprazole-oral/aripiprazole-oral/details) "
